대여소ID,evening_commute,morning_commute,non_commute
ST-10,4,4,4
ST-1000,3,3,3
ST-1002,3,3,3
ST-1003,2,2,4
ST-1004,3,3,3
ST-1005,3,3,3
ST-1006,3,3,3
ST-1007,3,3,3
ST-1008,3,3,3
ST-101,4,1,4
ST-1010,3,3,3
ST-1011,3,3,3
ST-1012,3,3,3
ST-1013,3,3,3
ST-1014,3,3,1
ST-1015,3,3,3
ST-1016,3,3,3
ST-1017,3,3,3
ST-1018,3,3,3
ST-1019,3,3,3
ST-102,4,4,4
ST-1020,2,1,2
ST-1023,2,2,2
ST-1024,2,2,2
ST-1025,4,4,4
ST-1027,2,2,2
ST-1028,2,2,2
ST-1029,4,4,4
ST-103,4,4,4
ST-1031,2,2,2
ST-1032,2,2,4
ST-1033,2,4,1
ST-1034,4,4,4
ST-1035,2,2,2
ST-1036,4,4,4
ST-1037,4,1,4
ST-1038,2,4,2
ST-1039,2,2,2
ST-104,1,2,1
ST-1040,2,1,2
ST-1041,4,1,4
ST-1042,2,1,2
ST-1043,1,2,2
ST-1044,4,1,2
ST-1045,4,1,4
ST-1046,4,1,4
ST-1047,4,4,4
ST-1048,2,1,2
ST-1049,2,1,2
ST-105,4,4,4
ST-1050,1,1,2
ST-1051,1,1,2
ST-1052,2,2,2
ST-1053,2,1,2
ST-1054,2,1,2
ST-1055,2,1,2
ST-1056,2,1,2
ST-1058,2,1,2
ST-1059,2,1,2
ST-106,3,3,3
ST-1061,2,1,2
ST-1062,3,3,3
ST-1063,3,3,3
ST-1064,3,3,3
ST-1065,3,3,3
ST-1067,3,3,3
ST-1069,3,3,3
ST-107,4,4,4
ST-1070,4,1,4
ST-1072,2,1,2
ST-1075,2,1,1
ST-1076,2,1,2
ST-1077,2,1,2
ST-1078,4,1,2
ST-1079,4,1,4
ST-108,4,4,4
ST-1081,4,1,4
ST-1082,2,2,2
ST-1083,4,1,4
ST-1084,2,1,2
ST-1085,2,1,2
ST-1086,2,1,4
ST-1087,4,1,4
ST-1088,4,1,4
ST-1089,2,1,2
ST-109,4,4,4
ST-1092,4,1,4
ST-1093,1,4,1
ST-1094,1,2,1
ST-1095,4,4,1
ST-1096,2,4,2
ST-1097,4,4,1
ST-1098,4,4,1
ST-1099,1,2,1
ST-11,4,4,4
ST-110,4,4,4
ST-1100,2,1,2
ST-1101,2,1,2
ST-1102,2,2,2
ST-1103,2,1,2
ST-1104,2,1,2
ST-1105,2,2,2
ST-1106,2,1,2
ST-1107,2,1,2
ST-1108,4,1,4
ST-1109,2,1,2
ST-111,4,4,4
ST-1110,2,1,2
ST-1111,1,2,2
ST-1114,4,2,2
ST-1118,1,2,1
ST-1119,1,2,1
ST-112,4,4,4
ST-1120,1,2,4
ST-1121,1,2,1
ST-1122,1,2,1
ST-1123,1,2,1
ST-1124,1,2,1
ST-1125,1,2,2
ST-1127,1,2,4
ST-1128,1,2,1
ST-1129,2,2,2
ST-113,2,1,2
ST-1130,2,1,2
ST-1131,2,1,2
ST-1132,1,2,2
ST-1133,2,1,1
ST-1135,2,2,2
ST-1136,2,2,4
ST-1137,3,3,3
ST-114,4,4,4
ST-1140,1,3,1
ST-1141,1,3,1
ST-1142,1,3,1
ST-1143,1,3,1
ST-1144,1,3,3
ST-1146,1,2,1
ST-1147,1,3,1
ST-1148,1,3,1
ST-1149,1,3,1
ST-1150,4,4,4
ST-1151,1,4,3
ST-1152,2,1,4
ST-1153,2,1,2
ST-1154,2,1,4
ST-1156,1,4,4
ST-1157,2,1,4
ST-1158,2,1,2
ST-116,1,2,1
ST-1160,4,3,1
ST-1161,4,1,2
ST-1162,2,1,2
ST-1163,2,1,4
ST-1164,2,1,2
ST-1165,2,1,2
ST-1166,2,1,2
ST-1167,2,1,2
ST-1168,2,1,2
ST-1169,4,1,4
ST-117,1,2,1
ST-1170,2,1,4
ST-1171,4,1,2
ST-1172,4,1,2
ST-1173,4,1,2
ST-1174,4,1,2
ST-1177,2,1,2
ST-1178,4,1,2
ST-1179,2,1,2
ST-118,1,2,1
ST-1180,4,1,2
ST-1181,2,1,2
ST-1182,2,1,2
ST-1184,2,1,2
ST-1185,2,1,2
ST-1186,2,1,2
ST-1188,4,4,1
ST-1189,4,4,4
ST-119,1,2,1
ST-1190,4,4,4
ST-1191,4,4,4
ST-1192,4,4,4
ST-1193,4,4,4
ST-1194,4,4,4
ST-1195,4,4,4
ST-1197,1,2,1
ST-1198,1,2,1
ST-1199,4,4,4
ST-12,4,4,4
ST-120,3,3,3
ST-1200,1,2,1
ST-1201,1,2,1
ST-1202,1,2,1
ST-1203,2,2,2
ST-1204,2,2,2
ST-1206,1,2,1
ST-1207,1,2,1
ST-1208,1,2,1
ST-121,1,2,1
ST-1210,4,2,1
ST-1211,4,2,1
ST-1212,4,2,1
ST-1213,1,1,2
ST-1215,1,2,1
ST-1216,1,2,1
ST-1217,1,2,2
ST-1218,3,3,3
ST-1219,3,3,1
ST-122,4,3,3
ST-1220,3,3,3
ST-1221,3,3,3
ST-1222,3,3,3
ST-1223,3,3,3
ST-1224,1,3,3
ST-1226,3,3,1
ST-1227,3,3,1
ST-1228,3,3,3
ST-1229,3,3,1
ST-123,1,2,1
ST-1230,2,2,1
ST-1231,3,3,1
ST-1233,1,2,1
ST-1235,1,3,1
ST-1236,3,3,3
ST-1237,3,3,3
ST-1238,3,3,3
ST-1239,1,3,1
ST-124,1,2,1
ST-1241,1,3,1
ST-1243,1,3,1
ST-1245,2,1,2
ST-1246,2,1,2
ST-1247,2,1,2
ST-1248,2,1,2
ST-1249,3,3,3
ST-125,1,2,1
ST-1250,3,3,3
ST-1251,3,3,3
ST-1252,3,3,3
ST-1253,3,3,3
ST-1254,3,3,3
ST-1259,1,4,4
ST-126,1,2,1
ST-1260,1,3,4
ST-1262,2,4,4
ST-1263,4,4,4
ST-1264,1,4,4
ST-1265,1,3,3
ST-1266,4,4,4
ST-1267,1,4,3
ST-1268,1,4,3
ST-1269,1,4,4
ST-127,1,2,1
ST-1270,1,4,3
ST-1271,4,4,4
ST-1273,3,3,3
ST-1274,3,3,3
ST-1275,3,3,3
ST-1276,1,3,3
ST-1277,1,3,1
ST-1278,1,2,1
ST-1279,1,2,2
ST-128,1,3,1
ST-1280,2,2,2
ST-1281,1,2,1
ST-1282,1,2,1
ST-1283,1,2,4
ST-1284,1,2,4
ST-1285,1,2,1
ST-1286,1,2,4
ST-1287,1,2,4
ST-1288,1,2,2
ST-1289,2,2,2
ST-1290,3,4,3
ST-1291,1,2,1
ST-1292,1,2,2
ST-1293,2,1,4
ST-1295,2,2,2
ST-1296,2,2,2
ST-1297,2,2,4
ST-1298,3,3,3
ST-1299,4,2,1
ST-13,4,1,4
ST-130,1,2,1
ST-1300,4,2,1
ST-1302,4,2,1
ST-1303,4,1,4
ST-1305,2,1,2
ST-1306,2,1,2
ST-1307,2,1,4
ST-1308,2,1,2
ST-1309,2,1,4
ST-131,1,1,4
ST-1310,1,2,1
ST-1311,2,1,2
ST-1312,2,1,1
ST-1313,2,1,2
ST-1314,2,1,2
ST-1315,2,1,2
ST-1316,4,1,4
ST-1317,1,2,1
ST-1319,4,4,4
ST-132,1,2,1
ST-1320,3,3,3
ST-1321,3,4,3
ST-1322,2,3,4
ST-1323,3,4,3
ST-1324,4,4,1
ST-1325,4,4,4
ST-1326,4,4,4
ST-1327,4,4,4
ST-1328,4,1,4
ST-1329,2,2,2
ST-1331,4,4,4
ST-1332,1,4,1
ST-1333,2,4,1
ST-1334,4,4,1
ST-1335,4,4,1
ST-1336,4,1,4
ST-1337,1,4,4
ST-1338,3,3,3
ST-1339,4,4,4
ST-134,1,2,1
ST-1341,4,4,4
ST-1342,4,4,1
ST-1343,4,4,4
ST-1344,4,4,4
ST-1345,2,4,1
ST-1346,1,4,1
ST-1347,4,4,4
ST-1348,2,1,2
ST-1349,2,2,1
ST-1350,3,3,3
ST-1351,3,3,3
ST-1352,3,3,3
ST-1353,3,4,3
ST-1354,4,4,1
ST-1355,2,4,4
ST-1356,4,4,4
ST-1357,1,4,3
ST-1359,4,1,2
ST-136,1,2,1
ST-1360,2,1,2
ST-1361,2,1,2
ST-1364,2,1,2
ST-1365,4,1,2
ST-1366,4,1,2
ST-1367,4,1,2
ST-1369,3,4,3
ST-137,1,2,1
ST-1370,4,1,4
ST-1371,2,1,2
ST-1372,1,2,1
ST-1373,1,2,1
ST-1374,1,2,1
ST-1375,1,4,1
ST-1376,4,4,1
ST-1377,1,2,1
ST-1378,4,4,4
ST-1379,4,4,4
ST-138,1,2,1
ST-1380,1,2,1
ST-1381,4,2,1
ST-1383,1,2,1
ST-1384,2,2,1
ST-1385,4,1,4
ST-1386,1,2,1
ST-1387,2,1,2
ST-1388,2,1,2
ST-1389,2,1,2
ST-1390,2,1,2
ST-1391,2,4,2
ST-1392,2,2,2
ST-1394,1,2,1
ST-1395,2,2,2
ST-1396,2,2,2
ST-1397,4,4,4
ST-1398,3,3,3
ST-14,4,1,2
ST-140,1,2,1
ST-1400,3,3,3
ST-1402,3,3,3
ST-1403,3,3,3
ST-1404,2,1,2
ST-1405,2,1,2
ST-1406,2,1,2
ST-1407,2,1,2
ST-1408,2,1,2
ST-1409,4,1,4
ST-1410,2,1,2
ST-1411,2,1,2
ST-1413,2,1,2
ST-1414,2,2,2
ST-1416,2,1,2
ST-1417,2,1,2
ST-1418,2,1,2
ST-1419,2,1,2
ST-142,1,2,1
ST-1420,4,1,4
ST-1421,2,1,2
ST-1422,4,1,4
ST-1423,2,1,2
ST-1424,1,2,1
ST-1425,1,2,4
ST-1426,1,2,1
ST-1427,4,4,4
ST-1428,1,3,1
ST-1429,4,4,4
ST-143,1,2,1
ST-1432,1,2,1
ST-1433,4,1,2
ST-1434,2,2,4
ST-1435,1,2,1
ST-1436,1,2,1
ST-1437,1,2,1
ST-1438,1,1,2
ST-1439,1,2,1
ST-144,1,2,1
ST-1440,1,2,1
ST-1441,4,1,4
ST-1442,4,4,4
ST-1443,4,4,4
ST-1445,4,4,4
ST-1446,4,4,4
ST-1447,4,2,4
ST-1449,4,2,1
ST-145,1,2,1
ST-1451,1,4,1
ST-1452,4,2,4
ST-1454,3,3,4
ST-1455,1,2,1
ST-1456,1,2,1
ST-1457,1,2,1
ST-1458,1,2,2
ST-1459,4,2,1
ST-146,1,3,3
ST-1460,1,2,1
ST-1461,2,1,2
ST-1462,2,1,2
ST-1463,2,1,2
ST-1464,2,2,2
ST-1465,2,2,2
ST-1466,2,2,2
ST-1467,2,2,2
ST-1468,2,2,2
ST-1469,2,1,2
ST-147,1,2,1
ST-1470,1,2,1
ST-1473,1,2,1
ST-1474,2,2,1
ST-1475,1,2,1
ST-1476,1,2,4
ST-1477,1,2,1
ST-1479,4,4,4
ST-148,1,2,1
ST-1480,2,2,2
ST-1481,2,2,2
ST-1482,4,3,3
ST-1483,2,2,2
ST-1484,2,4,4
ST-1485,2,4,2
ST-1486,4,4,4
ST-1487,4,4,4
ST-1488,4,4,4
ST-1489,2,2,2
ST-1490,2,2,2
ST-1491,4,4,4
ST-1492,1,4,1
ST-1493,4,4,4
ST-1494,4,4,4
ST-1495,3,3,3
ST-1496,3,3,3
ST-1497,3,3,3
ST-1498,3,3,3
ST-1499,3,3,3
ST-15,4,4,4
ST-150,1,2,1
ST-1500,3,3,3
ST-1501,1,3,3
ST-1503,3,3,3
ST-1504,3,3,3
ST-1505,3,4,4
ST-1506,3,3,3
ST-1507,3,3,3
ST-1508,3,3,3
ST-1509,3,3,3
ST-151,1,2,1
ST-1510,3,3,3
ST-1511,3,3,3
ST-1512,3,3,3
ST-1514,3,3,3
ST-1515,3,3,3
ST-1517,3,3,3
ST-1518,3,3,3
ST-1519,3,3,3
ST-152,1,2,1
ST-1520,3,3,3
ST-1521,3,3,3
ST-1522,3,3,1
ST-1523,3,3,3
ST-1526,3,3,1
ST-1527,1,3,1
ST-1528,1,3,1
ST-1529,3,3,3
ST-153,1,2,1
ST-1531,3,3,1
ST-1533,2,1,2
ST-1534,1,3,1
ST-1535,1,3,1
ST-1536,1,2,1
ST-1537,1,3,3
ST-1538,3,3,1
ST-1539,3,3,3
ST-154,1,2,1
ST-1540,3,3,3
ST-1541,3,3,3
ST-1542,1,4,3
ST-1543,1,4,3
ST-1544,2,1,4
ST-1545,4,4,4
ST-1546,1,3,3
ST-1547,1,4,3
ST-1548,1,4,4
ST-1549,2,4,2
ST-155,1,2,1
ST-1552,2,1,2
ST-1553,2,1,2
ST-1554,2,1,2
ST-1555,4,1,2
ST-1556,2,1,2
ST-1557,2,1,4
ST-1559,2,1,2
ST-156,1,2,1
ST-1560,2,1,2
ST-1561,2,1,2
ST-1562,2,1,2
ST-1563,1,2,1
ST-1564,2,1,2
ST-1565,1,2,1
ST-1566,2,1,2
ST-1568,4,1,2
ST-157,1,2,1
ST-1571,2,1,2
ST-1573,2,1,2
ST-1574,2,1,2
ST-1575,4,1,2
ST-1576,4,1,2
ST-1577,2,1,2
ST-1578,2,1,2
ST-1579,2,1,2
ST-158,1,2,1
ST-1580,4,1,4
ST-1582,4,1,4
ST-1584,4,1,4
ST-1585,4,1,4
ST-1586,4,1,4
ST-1588,4,1,4
ST-1589,4,1,2
ST-159,1,2,1
ST-1590,4,1,4
ST-1592,2,1,2
ST-1593,2,1,4
ST-1594,2,1,2
ST-1595,2,1,2
ST-1597,2,1,2
ST-1598,2,1,2
ST-1599,4,4,4
ST-16,4,1,4
ST-160,1,2,1
ST-1601,2,1,1
ST-1602,4,4,4
ST-1603,4,4,4
ST-1605,1,2,1
ST-1606,1,2,1
ST-1607,1,2,1
ST-1608,3,2,1
ST-1609,1,2,1
ST-161,1,2,1
ST-1610,1,2,1
ST-1611,1,2,1
ST-1614,2,1,2
ST-1615,4,4,4
ST-1616,1,2,1
ST-1617,4,2,4
ST-1618,4,2,1
ST-1619,1,2,1
ST-162,1,2,1
ST-1620,2,1,2
ST-1621,2,1,2
ST-1622,1,2,1
ST-1623,2,1,2
ST-1625,4,2,1
ST-1626,4,1,4
ST-1627,4,1,4
ST-1628,1,2,1
ST-1629,1,2,1
ST-163,1,2,1
ST-1630,2,1,1
ST-1631,1,3,3
ST-1632,3,2,1
ST-1633,4,1,4
ST-1634,1,2,1
ST-1636,1,2,1
ST-1637,4,2,1
ST-1638,2,1,2
ST-1639,1,2,1
ST-1640,1,2,1
ST-1641,1,2,1
ST-1642,1,2,1
ST-1643,4,1,2
ST-1644,2,1,2
ST-1645,3,3,3
ST-1646,3,3,3
ST-1647,3,3,3
ST-1648,3,3,1
ST-1649,3,4,3
ST-165,1,2,1
ST-1650,3,3,3
ST-1651,3,3,3
ST-1652,3,3,3
ST-1653,3,4,3
ST-1654,4,4,4
ST-1655,2,1,4
ST-1656,2,2,2
ST-1657,2,1,2
ST-1658,2,1,4
ST-1659,3,4,4
ST-1660,4,4,4
ST-1661,4,4,4
ST-1662,2,4,2
ST-1663,4,4,4
ST-1664,4,4,3
ST-1665,2,2,2
ST-1667,4,4,4
ST-1668,1,2,1
ST-1669,1,2,1
ST-167,1,2,1
ST-1670,4,2,3
ST-1671,4,2,2
ST-1672,1,2,1
ST-1674,4,4,4
ST-1675,3,4,1
ST-1676,3,3,3
ST-1677,3,3,3
ST-1678,4,4,4
ST-1679,2,1,2
ST-168,1,2,1
ST-1680,2,1,2
ST-1681,4,1,4
ST-1682,4,1,4
ST-1683,1,4,2
ST-1684,4,1,4
ST-1685,2,1,2
ST-1686,2,1,2
ST-1687,4,1,4
ST-1688,3,3,3
ST-1689,3,3,3
ST-169,1,2,1
ST-1690,3,4,4
ST-1691,4,4,4
ST-1692,4,4,4
ST-1693,4,4,4
ST-1694,3,3,3
ST-1695,3,3,3
ST-1696,3,3,3
ST-1697,3,4,3
ST-1698,3,3,3
ST-1699,3,4,3
ST-17,4,4,4
ST-170,1,2,1
ST-1700,3,4,3
ST-1701,3,4,3
ST-1702,1,4,4
ST-1703,2,1,2
ST-1704,1,1,2
ST-1705,4,1,4
ST-1706,4,1,2
ST-1707,2,1,2
ST-1708,3,3,3
ST-1709,3,3,3
ST-171,1,2,1
ST-1710,3,3,3
ST-1711,3,3,3
ST-1712,3,3,3
ST-1713,3,3,3
ST-1714,3,3,3
ST-1715,3,3,3
ST-1716,2,1,2
ST-1717,2,1,2
ST-1718,3,3,3
ST-1719,4,1,4
ST-172,1,2,1
ST-1720,4,1,4
ST-1721,4,4,1
ST-1722,4,4,4
ST-1723,1,2,1
ST-1724,2,2,2
ST-1725,2,1,2
ST-1726,2,1,2
ST-1727,3,3,3
ST-1728,4,1,4
ST-1729,4,1,4
ST-173,1,2,1
ST-1730,4,1,4
ST-1731,3,3,3
ST-1732,1,3,1
ST-1733,3,3,3
ST-1734,3,3,3
ST-1735,2,1,2
ST-1736,3,3,3
ST-1739,2,1,4
ST-174,1,2,1
ST-1740,2,2,1
ST-1742,2,1,4
ST-1745,3,2,2
ST-1746,2,2,1
ST-1747,3,2,2
ST-1748,1,2,1
ST-175,1,2,1
ST-1750,4,1,2
ST-1751,1,2,1
ST-1752,2,1,2
ST-1753,1,3,3
ST-1754,4,4,4
ST-1756,1,2,1
ST-1757,1,3,3
ST-1758,3,2,1
ST-1759,1,2,1
ST-176,1,2,1
ST-1760,4,4,4
ST-1761,1,2,1
ST-1762,2,1,2
ST-1763,4,1,2
ST-1764,1,1,2
ST-1765,2,4,2
ST-1766,2,1,2
ST-1767,2,1,2
ST-1768,1,2,1
ST-1769,1,2,1
ST-177,1,2,1
ST-1770,1,2,1
ST-1771,1,2,1
ST-1772,1,2,1
ST-1773,1,2,1
ST-1774,1,2,1
ST-1775,1,2,1
ST-1776,1,2,1
ST-1777,1,2,1
ST-1778,1,2,1
ST-1779,1,2,1
ST-178,1,2,1
ST-1780,1,2,1
ST-1781,1,2,1
ST-1782,1,2,1
ST-1783,1,2,1
ST-1785,1,2,1
ST-1786,1,2,1
ST-1787,1,2,1
ST-1788,2,2,2
ST-1789,1,1,4
ST-1790,2,1,2
ST-1791,1,2,1
ST-1792,1,2,1
ST-1793,2,1,2
ST-1794,2,1,2
ST-1795,4,4,4
ST-1796,2,1,2
ST-1797,4,1,4
ST-1798,1,2,1
ST-1799,1,2,1
ST-18,4,4,4
ST-180,1,2,1
ST-1800,1,2,1
ST-1801,1,2,1
ST-1802,1,2,1
ST-1803,3,2,3
ST-1804,1,2,1
ST-1805,1,2,1
ST-1807,1,2,1
ST-1808,1,2,1
ST-1809,3,2,1
ST-181,1,2,1
ST-1810,1,2,1
ST-1811,1,2,1
ST-1812,1,2,1
ST-1813,1,2,1
ST-1814,1,2,1
ST-1815,1,2,1
ST-1816,1,2,1
ST-1817,1,2,1
ST-1818,1,2,1
ST-1819,1,2,1
ST-182,1,3,1
ST-1820,1,2,1
ST-1822,1,2,1
ST-1823,1,2,1
ST-1824,4,2,1
ST-1825,4,2,1
ST-1826,4,2,4
ST-1827,4,2,1
ST-1828,4,4,4
ST-1829,1,2,1
ST-183,1,2,1
ST-1830,1,2,1
ST-1831,2,1,2
ST-1832,2,2,2
ST-1833,2,1,2
ST-1834,1,4,4
ST-1835,2,1,2
ST-1836,4,1,4
ST-1837,2,1,4
ST-1838,4,1,4
ST-1839,4,1,4
ST-1840,2,1,2
ST-1841,4,1,4
ST-1842,4,1,2
ST-1843,1,2,1
ST-1844,2,1,2
ST-1845,2,1,2
ST-1846,2,1,2
ST-1847,1,2,1
ST-1848,4,1,4
ST-1849,2,1,2
ST-185,1,2,1
ST-1850,2,1,2
ST-1851,2,1,4
ST-1852,2,1,2
ST-1853,2,1,2
ST-1854,2,1,2
ST-1855,2,1,2
ST-1856,1,3,1
ST-1857,4,1,4
ST-1858,4,1,4
ST-1859,4,1,4
ST-186,1,2,1
ST-1860,2,1,2
ST-1861,2,2,2
ST-1862,4,1,4
ST-1864,4,1,4
ST-1865,1,4,3
ST-1866,4,1,4
ST-1867,4,1,4
ST-1868,4,1,4
ST-1869,2,1,2
ST-187,1,2,1
ST-1870,2,1,2
ST-1871,2,1,2
ST-1872,2,1,2
ST-1873,4,1,2
ST-1874,4,1,2
ST-1875,2,1,2
ST-1876,4,1,4
ST-1877,2,1,2
ST-1878,4,1,4
ST-1879,2,1,2
ST-188,2,1,2
ST-1880,2,1,2
ST-1881,2,1,2
ST-1882,2,1,2
ST-1883,4,1,2
ST-1884,4,1,2
ST-1885,4,1,2
ST-1886,4,1,2
ST-1887,4,1,2
ST-1888,2,1,2
ST-1889,2,1,2
ST-189,1,2,1
ST-1890,1,2,1
ST-1891,2,1,2
ST-1892,2,1,2
ST-1893,2,1,2
ST-1894,4,1,4
ST-1895,4,1,2
ST-1896,2,1,2
ST-1897,2,1,2
ST-1899,2,1,2
ST-19,4,4,4
ST-190,1,2,4
ST-1900,2,1,2
ST-1901,2,1,2
ST-1902,2,1,2
ST-1903,2,1,2
ST-1904,2,1,2
ST-1905,2,1,2
ST-1906,2,1,2
ST-1908,4,1,4
ST-1909,4,1,4
ST-1910,4,1,4
ST-1911,4,1,4
ST-1912,4,1,4
ST-1913,3,3,4
ST-1914,2,1,4
ST-1915,2,1,4
ST-1916,2,1,4
ST-1917,2,1,2
ST-1918,2,1,2
ST-1919,2,1,2
ST-1920,4,1,4
ST-1921,2,1,1
ST-1922,2,1,2
ST-1923,4,1,4
ST-1924,2,1,4
ST-1925,2,1,2
ST-1926,4,1,2
ST-1927,1,2,1
ST-1929,2,1,2
ST-193,1,2,1
ST-1930,1,2,1
ST-1932,1,3,1
ST-1933,1,3,1
ST-1934,1,3,1
ST-1935,1,4,1
ST-1936,1,3,1
ST-1937,1,3,1
ST-1938,1,3,1
ST-1939,1,3,1
ST-194,1,2,1
ST-1940,1,3,1
ST-1941,1,3,3
ST-1943,1,2,1
ST-1944,1,2,1
ST-1945,1,2,1
ST-1946,1,3,1
ST-1947,1,4,1
ST-1948,1,2,1
ST-1949,1,4,1
ST-195,1,2,1
ST-1950,1,4,1
ST-1952,1,3,1
ST-1953,1,2,1
ST-1954,1,3,1
ST-1955,1,3,1
ST-1956,1,2,1
ST-1957,1,3,1
ST-1958,1,3,1
ST-1959,1,3,1
ST-196,1,2,1
ST-1960,1,3,1
ST-1961,3,3,1
ST-1962,3,3,3
ST-1963,3,3,1
ST-1964,3,3,3
ST-1965,3,3,3
ST-1966,3,3,1
ST-1967,3,3,3
ST-1968,3,3,3
ST-1969,3,4,3
ST-197,1,2,1
ST-1970,3,4,3
ST-1971,4,4,4
ST-1972,3,3,3
ST-1973,3,4,3
ST-1974,3,4,3
ST-1975,3,3,3
ST-1976,3,3,3
ST-1977,3,3,3
ST-1978,3,3,3
ST-1979,1,2,1
ST-198,1,2,1
ST-1982,3,4,3
ST-1983,3,4,3
ST-1985,3,4,3
ST-1986,3,4,3
ST-1989,1,2,1
ST-199,1,2,1
ST-1990,3,4,3
ST-1991,3,4,3
ST-1992,3,3,3
ST-1993,3,3,1
ST-1994,3,3,3
ST-1995,3,3,3
ST-1996,3,3,3
ST-1997,3,3,3
ST-1999,3,3,3
ST-20,4,4,4
ST-200,1,1,1
ST-2000,3,3,3
ST-2001,3,3,3
ST-2002,3,3,3
ST-2003,3,3,3
ST-2005,3,3,3
ST-2006,3,3,3
ST-2007,3,3,3
ST-2008,3,3,3
ST-2009,1,2,1
ST-201,4,4,4
ST-2011,3,3,3
ST-2012,3,3,3
ST-2013,3,3,3
ST-2014,3,3,3
ST-2015,2,2,2
ST-2016,3,3,3
ST-2017,3,3,3
ST-2018,3,3,3
ST-2019,4,4,2
ST-202,4,4,4
ST-2020,3,3,3
ST-2021,1,3,3
ST-2022,3,3,3
ST-2023,3,3,3
ST-2024,3,3,3
ST-2025,3,3,3
ST-2026,3,3,3
ST-2027,3,3,3
ST-2028,3,3,3
ST-2029,3,3,3
ST-203,3,4,1
ST-2030,2,1,4
ST-2031,3,3,3
ST-2032,3,3,3
ST-2033,3,3,3
ST-2034,3,3,3
ST-2035,3,3,3
ST-2036,3,3,3
ST-2037,3,3,3
ST-2038,3,3,3
ST-2039,3,3,3
ST-204,4,4,4
ST-2040,3,3,3
ST-2041,3,3,3
ST-2042,3,3,3
ST-2043,4,1,4
ST-2044,3,3,3
ST-2045,3,3,3
ST-2046,3,3,3
ST-2047,3,3,3
ST-2048,3,3,3
ST-2049,3,3,3
ST-205,4,4,4
ST-2050,3,3,3
ST-2052,3,3,3
ST-2053,1,3,1
ST-2054,3,3,3
ST-2056,3,3,3
ST-2057,3,3,3
ST-2058,3,3,3
ST-2059,3,3,3
ST-206,4,4,4
ST-2061,2,2,2
ST-2062,2,2,1
ST-2063,1,2,1
ST-2066,1,2,2
ST-2067,1,2,1
ST-2068,1,2,1
ST-2069,2,1,2
ST-207,4,4,4
ST-2070,1,2,1
ST-2071,1,2,1
ST-2073,1,2,2
ST-2074,2,2,2
ST-2075,1,2,1
ST-2076,1,2,1
ST-2077,1,2,1
ST-2078,2,2,1
ST-2079,1,2,1
ST-208,4,1,4
ST-2080,1,2,1
ST-2081,2,2,1
ST-2083,2,1,2
ST-2084,3,3,3
ST-2085,1,2,1
ST-2086,1,2,1
ST-2087,1,2,1
ST-2088,1,2,2
ST-2089,2,2,2
ST-209,4,4,4
ST-2091,4,4,1
ST-2093,3,2,1
ST-2094,2,2,2
ST-2095,2,2,2
ST-2096,2,2,2
ST-2097,2,2,2
ST-2098,1,2,1
ST-2099,2,1,2
ST-21,4,4,4
ST-210,4,4,4
ST-2100,1,2,1
ST-2101,2,2,2
ST-2102,2,1,2
ST-2103,2,1,2
ST-2104,1,2,2
ST-2105,1,2,1
ST-2106,2,2,2
ST-2107,2,2,2
ST-211,4,4,4
ST-2110,2,2,2
ST-2111,1,2,1
ST-2112,2,2,2
ST-2113,2,2,4
ST-2114,1,2,1
ST-2115,2,2,2
ST-2116,2,2,2
ST-2117,2,2,2
ST-2119,2,2,2
ST-212,4,4,4
ST-2120,2,2,2
ST-2123,2,4,2
ST-2124,2,1,2
ST-2125,2,1,2
ST-2126,2,1,2
ST-2127,2,1,2
ST-2129,2,1,2
ST-213,1,4,1
ST-2130,2,1,2
ST-2132,2,2,2
ST-2133,2,1,2
ST-2134,2,1,2
ST-2135,2,1,1
ST-2136,2,1,2
ST-2137,2,1,2
ST-2138,1,2,1
ST-2139,1,2,1
ST-214,3,4,1
ST-2140,1,2,1
ST-2141,1,2,1
ST-2142,1,2,1
ST-2144,1,2,1
ST-2145,1,2,1
ST-2146,4,4,4
ST-2147,4,4,4
ST-2148,4,4,4
ST-2149,4,4,4
ST-215,2,1,2
ST-2150,4,4,4
ST-2151,2,1,4
ST-2152,4,4,4
ST-2153,4,4,1
ST-2154,4,4,4
ST-2155,1,2,1
ST-2156,4,4,4
ST-2157,4,4,4
ST-2159,1,2,1
ST-216,4,4,3
ST-2160,4,4,4
ST-2161,3,4,4
ST-2162,1,2,1
ST-2163,4,4,4
ST-2164,4,4,4
ST-2165,4,4,4
ST-2166,4,4,4
ST-2167,4,4,4
ST-2168,4,4,4
ST-2169,4,4,4
ST-217,4,2,3
ST-2171,1,2,2
ST-2172,4,4,4
ST-2173,4,4,4
ST-2174,4,4,4
ST-2175,4,4,4
ST-2176,4,4,4
ST-2177,4,4,4
ST-2178,4,1,4
ST-2179,4,4,4
ST-218,4,2,4
ST-2181,4,1,4
ST-2182,4,4,4
ST-2183,4,2,4
ST-2184,4,4,4
ST-2185,4,4,4
ST-2186,1,2,1
ST-2187,4,4,4
ST-2188,4,1,4
ST-2189,4,1,4
ST-219,4,4,4
ST-2190,4,4,1
ST-2191,4,4,4
ST-2192,1,2,1
ST-2193,1,2,1
ST-2194,4,4,4
ST-2195,4,4,4
ST-2196,4,1,4
ST-2197,1,2,2
ST-2198,1,2,4
ST-2199,3,4,1
ST-22,4,4,4
ST-220,4,4,4
ST-2200,1,4,1
ST-2201,4,4,4
ST-2202,4,4,4
ST-2203,1,3,3
ST-2204,4,4,4
ST-2205,4,4,4
ST-2206,4,4,4
ST-2207,4,4,4
ST-2208,4,4,4
ST-2209,2,1,2
ST-221,4,4,4
ST-2210,4,4,4
ST-2211,2,2,2
ST-2212,4,4,4
ST-2213,4,4,4
ST-2214,4,4,4
ST-2215,4,4,4
ST-2216,4,4,4
ST-2217,4,4,4
ST-2218,2,2,2
ST-2219,1,2,1
ST-222,4,4,4
ST-2221,4,2,1
ST-2222,1,2,2
ST-2223,1,2,2
ST-2224,1,2,1
ST-2225,1,2,1
ST-2226,1,2,1
ST-2227,1,2,1
ST-2229,1,2,1
ST-223,4,4,4
ST-2231,1,2,2
ST-2232,1,1,2
ST-2233,1,2,1
ST-2234,1,2,1
ST-2235,1,2,1
ST-2236,2,2,2
ST-2237,2,2,2
ST-2238,2,2,1
ST-2239,4,4,4
ST-224,4,4,4
ST-2240,4,4,4
ST-2241,2,2,2
ST-2242,2,2,2
ST-2243,4,4,4
ST-2244,2,2,2
ST-2245,2,2,2
ST-2246,4,4,4
ST-2247,4,4,4
ST-2250,4,4,4
ST-2252,4,4,4
ST-2253,4,4,4
ST-2256,1,2,1
ST-2257,4,4,4
ST-2259,2,2,4
ST-226,4,4,4
ST-2260,2,2,2
ST-2261,2,4,2
ST-2262,4,4,4
ST-2263,2,2,2
ST-2264,4,4,4
ST-2265,4,4,1
ST-2266,1,2,1
ST-2267,1,2,1
ST-2268,4,1,3
ST-2269,1,2,1
ST-227,4,4,4
ST-2270,4,2,1
ST-2271,1,2,1
ST-2272,1,2,1
ST-2273,1,2,1
ST-2274,1,2,1
ST-2275,4,4,2
ST-2276,1,2,1
ST-2277,4,4,2
ST-2278,4,4,1
ST-2279,4,2,1
ST-228,1,2,1
ST-2280,1,2,1
ST-2281,3,2,2
ST-2282,4,2,1
ST-2283,4,4,1
ST-2284,4,4,1
ST-2285,1,4,1
ST-2286,1,2,1
ST-2287,2,2,2
ST-2288,1,2,1
ST-2289,1,2,1
ST-229,1,2,1
ST-2290,1,4,1
ST-2291,1,4,1
ST-2292,1,4,2
ST-2293,1,2,1
ST-2294,4,2,1
ST-2295,1,4,1
ST-2296,1,2,1
ST-2297,1,2,1
ST-2298,4,4,1
ST-2299,1,4,1
ST-23,4,4,4
ST-230,3,2,1
ST-2300,4,4,1
ST-2301,4,4,4
ST-2302,4,4,3
ST-2303,2,1,2
ST-2305,4,4,4
ST-2307,1,2,1
ST-2308,4,4,4
ST-2309,4,4,4
ST-231,4,4,4
ST-2310,4,4,4
ST-2311,2,1,2
ST-2312,4,4,4
ST-2314,4,4,4
ST-2315,1,2,1
ST-2316,1,2,2
ST-2317,4,1,2
ST-2318,4,4,4
ST-232,4,4,4
ST-2320,4,4,4
ST-2321,4,4,4
ST-2325,4,4,3
ST-2326,4,4,3
ST-2327,4,4,4
ST-2329,1,2,1
ST-233,1,2,1
ST-2330,4,4,4
ST-2331,4,4,4
ST-2332,4,4,4
ST-2333,4,2,1
ST-2334,4,4,4
ST-2335,3,2,1
ST-2337,1,2,1
ST-2338,1,4,4
ST-2339,4,4,4
ST-234,3,2,1
ST-2340,4,3,1
ST-2341,4,4,4
ST-2342,4,3,1
ST-2343,4,4,4
ST-2344,1,2,1
ST-2346,1,2,1
ST-2349,4,1,4
ST-235,1,2,1
ST-2350,4,4,4
ST-2351,4,4,4
ST-2352,4,4,4
ST-2353,4,4,4
ST-2354,1,2,1
ST-2355,2,1,4
ST-2356,4,4,4
ST-2357,4,4,4
ST-2358,4,4,3
ST-2359,2,1,4
ST-236,1,2,1
ST-2361,4,4,4
ST-2362,2,1,4
ST-2363,2,1,4
ST-2364,2,1,4
ST-2365,4,4,4
ST-2366,4,4,4
ST-2367,4,4,4
ST-2368,2,1,4
ST-2369,4,4,4
ST-237,3,2,1
ST-2370,1,4,4
ST-2371,1,4,4
ST-2373,1,4,4
ST-2374,1,3,3
ST-2375,1,3,3
ST-2378,1,2,1
ST-2379,1,4,4
ST-238,4,2,1
ST-2380,1,4,4
ST-2382,1,4,4
ST-2383,1,4,4
ST-2384,2,1,4
ST-2385,1,2,1
ST-2388,4,1,4
ST-2389,1,2,1
ST-239,4,4,4
ST-2390,2,1,2
ST-2391,2,1,2
ST-2393,1,3,4
ST-2394,1,3,4
ST-2395,3,3,3
ST-2396,3,3,3
ST-2397,3,3,3
ST-2398,3,3,3
ST-2399,2,1,1
ST-24,3,4,4
ST-240,4,2,4
ST-2401,2,1,2
ST-2402,2,1,2
ST-2403,2,2,2
ST-2404,2,1,2
ST-2405,2,2,2
ST-2406,1,2,2
ST-2407,4,4,4
ST-2408,4,4,4
ST-2409,2,1,2
ST-241,4,2,3
ST-2410,2,1,2
ST-2411,3,3,3
ST-2412,3,3,3
ST-2414,4,1,4
ST-2415,4,1,2
ST-2416,2,1,2
ST-2417,2,1,2
ST-2419,3,3,3
ST-242,4,2,1
ST-2420,4,2,1
ST-2421,4,1,4
ST-2422,3,2,1
ST-2423,2,1,2
ST-2424,2,1,2
ST-2425,4,4,4
ST-2427,1,2,1
ST-2428,1,4,1
ST-2429,1,2,1
ST-243,4,2,1
ST-2430,1,2,1
ST-2431,1,2,1
ST-2432,1,2,3
ST-2433,1,2,1
ST-2434,1,2,1
ST-2435,1,3,1
ST-2436,2,1,2
ST-2437,4,4,4
ST-2438,4,4,4
ST-2439,4,4,4
ST-244,1,2,1
ST-2440,4,4,4
ST-2441,4,4,4
ST-2442,4,4,4
ST-2443,4,1,4
ST-2444,4,1,4
ST-2445,2,1,4
ST-2446,4,4,4
ST-2447,4,4,4
ST-2448,4,4,3
ST-2449,4,4,4
ST-245,4,4,4
ST-2450,4,4,4
ST-2451,4,4,4
ST-2452,4,4,4
ST-2453,4,1,4
ST-2455,4,4,3
ST-2456,4,4,4
ST-2457,4,4,2
ST-2458,2,2,2
ST-2459,2,1,2
ST-246,4,4,4
ST-2460,2,1,2
ST-2461,1,2,2
ST-2462,1,3,1
ST-2463,1,3,1
ST-2464,3,4,3
ST-2465,3,4,3
ST-2466,4,4,4
ST-2467,4,4,4
ST-2468,4,4,4
ST-2469,4,4,4
ST-247,4,4,4
ST-2470,2,4,4
ST-2471,2,1,2
ST-2472,1,2,1
ST-2473,1,2,1
ST-2474,2,1,2
ST-2476,3,3,3
ST-2477,3,3,3
ST-2478,3,3,3
ST-2479,3,3,3
ST-248,4,3,3
ST-2480,3,3,3
ST-2481,3,3,3
ST-2482,3,3,3
ST-2483,3,3,3
ST-2484,3,3,3
ST-2486,3,3,3
ST-2487,3,3,3
ST-2488,3,3,3
ST-2489,3,3,3
ST-249,4,4,1
ST-2490,3,3,3
ST-2491,3,3,3
ST-2492,3,3,3
ST-2493,3,3,3
ST-2494,3,3,3
ST-2496,4,4,1
ST-2497,4,4,2
ST-2498,4,4,1
ST-2499,4,2,1
ST-25,4,4,4
ST-250,1,4,4
ST-2500,4,4,1
ST-2501,4,2,1
ST-2502,1,2,1
ST-2503,4,1,4
ST-2504,1,2,1
ST-2505,1,4,2
ST-2506,1,2,1
ST-2507,1,2,1
ST-2508,1,2,1
ST-2509,4,2,1
ST-251,3,2,1
ST-2510,2,1,2
ST-2511,1,2,1
ST-2512,2,1,2
ST-2513,1,2,1
ST-2514,1,2,1
ST-2516,1,2,1
ST-2517,3,2,1
ST-2518,1,2,1
ST-2519,1,4,1
ST-252,4,4,1
ST-2520,1,2,1
ST-2521,1,2,1
ST-2522,1,2,1
ST-2523,1,3,3
ST-2524,2,2,2
ST-2525,1,2,1
ST-2526,1,2,1
ST-2527,1,2,1
ST-2528,3,4,1
ST-2529,1,2,1
ST-253,4,4,4
ST-2530,4,4,4
ST-2531,4,4,4
ST-2532,4,4,4
ST-2533,4,4,4
ST-2534,4,4,4
ST-2535,4,4,4
ST-2536,4,4,4
ST-2537,4,4,4
ST-2538,3,3,3
ST-2539,3,3,3
ST-254,4,4,4
ST-2540,3,2,1
ST-2541,4,4,3
ST-2542,4,4,4
ST-2543,4,4,4
ST-2544,4,4,3
ST-2545,4,4,4
ST-2546,4,4,4
ST-2547,4,4,4
ST-2548,4,1,3
ST-2549,2,2,2
ST-255,4,4,4
ST-2550,3,4,4
ST-2551,3,3,3
ST-2552,3,3,3
ST-2553,3,3,3
ST-2554,1,2,1
ST-2555,3,3,3
ST-2556,3,3,3
ST-2557,3,3,3
ST-2558,3,3,3
ST-2559,3,3,3
ST-256,4,4,4
ST-2560,4,4,1
ST-2561,4,4,4
ST-2562,2,1,2
ST-2563,3,3,3
ST-2564,3,3,3
ST-2565,1,2,1
ST-2567,2,1,2
ST-2568,2,1,2
ST-2569,3,3,3
ST-257,4,4,4
ST-2570,2,1,2
ST-2571,4,1,4
ST-2572,2,1,2
ST-2573,2,1,2
ST-2574,4,1,4
ST-2575,2,1,2
ST-2576,2,1,2
ST-2577,2,1,4
ST-2578,4,1,4
ST-2579,4,1,4
ST-258,4,4,4
ST-2580,4,1,4
ST-2581,2,1,2
ST-2582,1,2,1
ST-2583,2,1,2
ST-2584,2,1,2
ST-2585,2,1,2
ST-2586,2,1,1
ST-2587,2,1,2
ST-2588,2,2,1
ST-2589,2,1,1
ST-259,4,4,4
ST-2590,2,1,2
ST-2591,2,1,2
ST-2592,4,1,4
ST-2593,4,1,4
ST-2594,4,1,4
ST-2595,4,1,4
ST-2596,4,1,4
ST-2597,2,1,2
ST-2598,2,2,2
ST-2599,2,1,2
ST-26,4,4,4
ST-260,4,2,2
ST-2600,2,1,2
ST-2601,4,1,4
ST-2602,4,1,4
ST-2603,2,1,2
ST-2604,2,2,1
ST-2605,2,1,2
ST-2606,2,1,2
ST-2607,2,1,2
ST-2608,4,1,4
ST-2609,4,1,4
ST-261,1,3,1
ST-2610,2,1,2
ST-2611,3,3,3
ST-2612,3,3,3
ST-2613,3,3,3
ST-2614,1,4,3
ST-2615,2,4,4
ST-2616,1,4,4
ST-2617,1,3,3
ST-2618,1,2,1
ST-2619,2,1,2
ST-262,4,2,1
ST-2620,2,1,2
ST-2621,4,1,4
ST-2622,2,1,2
ST-2623,1,2,1
ST-2624,1,2,1
ST-2625,1,2,1
ST-2626,1,2,1
ST-2627,3,3,3
ST-2628,2,4,1
ST-2629,1,4,1
ST-2630,4,2,1
ST-2631,1,2,1
ST-2632,1,4,1
ST-2633,2,2,1
ST-2634,4,4,1
ST-2635,1,2,1
ST-2636,1,2,1
ST-2637,3,3,1
ST-2638,1,3,1
ST-2639,1,3,1
ST-264,4,1,2
ST-2641,1,3,1
ST-2642,1,3,1
ST-2643,3,4,3
ST-2644,3,4,3
ST-2645,3,4,3
ST-2646,3,4,3
ST-2647,3,4,3
ST-2648,3,4,3
ST-2649,4,4,4
ST-265,1,2,1
ST-2650,4,4,4
ST-2651,4,4,4
ST-2652,4,4,4
ST-2653,1,4,3
ST-2654,1,4,3
ST-2655,2,1,2
ST-2656,2,1,2
ST-2657,2,1,2
ST-2658,2,1,2
ST-2659,2,1,2
ST-266,1,2,1
ST-2660,4,1,4
ST-2661,2,1,2
ST-2662,2,1,2
ST-2663,2,1,2
ST-2664,4,1,2
ST-2665,2,2,1
ST-2666,2,1,2
ST-2667,2,1,2
ST-2668,2,1,2
ST-2669,4,1,2
ST-267,1,2,4
ST-2670,2,1,4
ST-2671,4,1,2
ST-2672,4,1,2
ST-2673,4,1,2
ST-2674,2,1,2
ST-2675,2,1,2
ST-2676,2,1,2
ST-2677,2,1,2
ST-2678,2,1,2
ST-2679,4,1,2
ST-268,3,2,2
ST-2680,2,1,2
ST-2681,2,1,2
ST-2682,4,1,2
ST-2683,1,3,4
ST-2684,2,1,2
ST-2685,2,1,2
ST-2686,2,1,2
ST-2688,4,1,4
ST-2689,2,1,2
ST-269,1,2,1
ST-2690,4,1,2
ST-2691,2,1,2
ST-2692,3,3,3
ST-2693,1,2,1
ST-2694,4,4,3
ST-2695,1,2,1
ST-2696,2,1,2
ST-2697,2,1,2
ST-2698,1,2,1
ST-2699,4,3,3
ST-27,1,2,1
ST-270,3,2,1
ST-2700,1,2,1
ST-2701,1,2,1
ST-2702,2,2,1
ST-2703,2,2,1
ST-2704,1,2,2
ST-2705,1,2,2
ST-2706,1,2,4
ST-2707,1,1,1
ST-2708,1,2,2
ST-2709,1,2,4
ST-271,1,2,1
ST-2710,1,2,4
ST-2711,1,2,1
ST-2712,1,2,1
ST-2713,1,2,2
ST-2714,1,1,2
ST-2715,1,2,1
ST-2716,1,2,1
ST-2717,1,2,1
ST-2718,1,2,1
ST-2719,1,2,1
ST-272,1,2,1
ST-2720,1,2,2
ST-2721,4,1,2
ST-2722,2,2,2
ST-2723,2,2,2
ST-2724,2,2,2
ST-2725,2,1,2
ST-2726,1,2,2
ST-2727,2,1,2
ST-2728,4,1,4
ST-2729,1,2,1
ST-273,1,2,1
ST-2730,2,2,2
ST-2731,2,2,2
ST-2732,4,1,2
ST-2733,2,1,2
ST-2734,1,1,2
ST-2736,1,1,2
ST-2737,1,1,2
ST-2738,4,1,4
ST-2739,2,1,2
ST-274,1,2,1
ST-2740,4,1,4
ST-2742,4,4,4
ST-2743,2,1,2
ST-2744,2,1,2
ST-2745,2,1,2
ST-2746,4,1,4
ST-2747,4,1,4
ST-2748,4,1,4
ST-2749,4,1,4
ST-275,3,2,1
ST-2750,2,1,4
ST-2751,2,1,4
ST-2752,3,3,3
ST-2753,1,3,1
ST-2754,1,2,1
ST-2755,2,1,2
ST-2756,4,4,4
ST-2757,4,1,4
ST-2759,3,3,3
ST-276,4,2,1
ST-2760,3,3,3
ST-2761,3,3,3
ST-2762,3,3,3
ST-2763,3,3,3
ST-2764,3,3,3
ST-2765,3,3,3
ST-2766,2,2,1
ST-2767,3,3,3
ST-2768,3,3,3
ST-2769,3,3,3
ST-277,3,3,3
ST-2770,3,3,3
ST-2771,3,3,3
ST-2772,3,3,3
ST-2773,3,3,3
ST-2774,3,3,3
ST-2775,4,4,4
ST-2776,2,4,4
ST-2777,4,4,4
ST-2778,2,4,2
ST-2779,4,4,4
ST-278,3,3,3
ST-2780,2,2,2
ST-2781,2,1,2
ST-2782,2,4,2
ST-2783,2,4,2
ST-2784,2,1,4
ST-2785,4,4,4
ST-2786,1,2,1
ST-2787,4,2,1
ST-2788,2,1,2
ST-2789,3,3,3
ST-279,3,3,3
ST-2790,3,3,3
ST-2791,1,2,2
ST-2792,1,2,1
ST-2793,1,2,2
ST-2794,3,3,3
ST-2795,1,4,1
ST-2796,4,1,4
ST-2797,4,1,4
ST-2798,2,1,4
ST-2799,2,2,4
ST-28,4,4,4
ST-280,3,3,3
ST-2800,3,4,3
ST-2801,3,4,3
ST-2802,2,2,1
ST-2803,4,4,3
ST-2804,1,2,1
ST-2805,1,2,1
ST-2806,3,3,3
ST-2807,3,3,3
ST-2808,3,3,3
ST-2809,3,4,3
ST-281,3,3,3
ST-2810,3,4,3
ST-2811,3,3,3
ST-2812,3,3,3
ST-2813,3,4,3
ST-2814,4,4,3
ST-2815,3,3,3
ST-2816,3,3,3
ST-2817,1,3,3
ST-2818,3,2,1
ST-2819,3,4,3
ST-282,3,3,3
ST-2820,3,3,3
ST-2821,3,4,3
ST-2822,3,4,3
ST-2823,3,4,3
ST-2824,2,1,2
ST-2825,4,4,4
ST-2826,1,2,1
ST-2827,4,4,4
ST-2828,1,3,1
ST-2829,1,2,1
ST-283,1,2,1
ST-2830,4,4,3
ST-2831,3,3,3
ST-2832,3,3,3
ST-2833,4,1,4
ST-2834,4,4,3
ST-2835,1,2,1
ST-2836,2,2,2
ST-2837,4,1,2
ST-2838,2,1,2
ST-2839,4,1,2
ST-284,3,4,3
ST-2840,2,2,1
ST-2841,2,1,4
ST-2842,1,4,4
ST-2843,4,4,4
ST-2844,3,3,3
ST-2845,1,2,1
ST-2846,4,4,1
ST-2847,2,1,2
ST-2848,2,1,2
ST-2849,2,2,2
ST-285,3,3,3
ST-2850,4,1,4
ST-2851,1,3,3
ST-2852,3,3,3
ST-2853,2,1,2
ST-2854,2,1,2
ST-2855,1,3,1
ST-2856,4,1,4
ST-2857,3,3,3
ST-2858,3,3,3
ST-2859,1,2,1
ST-286,1,4,3
ST-2860,1,4,1
ST-2861,2,2,2
ST-2862,1,1,2
ST-2865,4,4,4
ST-2866,4,4,4
ST-2867,2,1,2
ST-2868,2,1,2
ST-2869,2,1,2
ST-287,3,3,3
ST-2870,2,1,2
ST-2871,3,3,3
ST-2872,1,4,4
ST-2873,1,3,3
ST-2874,4,4,4
ST-2875,2,1,2
ST-2876,4,1,4
ST-2877,4,1,2
ST-2878,2,1,2
ST-2879,3,3,3
ST-288,3,4,3
ST-2880,4,4,1
ST-2881,1,2,1
ST-2882,2,1,2
ST-2883,3,3,3
ST-2884,3,3,3
ST-2885,3,3,3
ST-2886,3,3,3
ST-2887,3,3,3
ST-2888,3,3,3
ST-2889,3,3,3
ST-289,3,3,3
ST-2890,1,2,1
ST-2891,4,4,4
ST-2892,3,3,3
ST-2893,1,2,1
ST-2894,1,2,1
ST-2895,1,3,1
ST-2896,1,2,1
ST-2897,4,4,4
ST-2898,1,2,1
ST-2899,3,4,3
ST-29,4,4,4
ST-290,3,4,3
ST-2900,4,3,4
ST-2901,3,4,3
ST-2902,3,4,3
ST-2903,1,2,1
ST-2904,4,4,1
ST-2905,4,4,4
ST-2906,1,4,1
ST-2907,2,1,2
ST-2908,2,1,2
ST-2909,2,1,2
ST-291,3,4,3
ST-2910,1,3,1
ST-2911,1,2,1
ST-2912,1,3,1
ST-2913,1,3,1
ST-2914,2,2,2
ST-2915,4,1,2
ST-2916,2,1,2
ST-2917,2,1,2
ST-2918,1,4,4
ST-292,3,3,3
ST-2920,3,3,3
ST-2921,1,4,1
ST-2922,1,4,1
ST-2923,1,2,1
ST-2924,4,4,4
ST-2925,2,1,2
ST-2926,2,1,2
ST-2927,2,1,2
ST-2928,1,2,1
ST-2929,4,1,2
ST-293,3,4,3
ST-2931,1,3,1
ST-2932,1,3,1
ST-2933,2,2,4
ST-2934,4,1,4
ST-2935,1,2,1
ST-2936,2,1,1
ST-2937,2,1,2
ST-2938,2,1,2
ST-2939,2,1,2
ST-294,3,3,3
ST-2940,4,4,4
ST-2941,4,1,1
ST-2942,2,4,1
ST-2943,3,3,3
ST-2944,3,3,3
ST-2945,3,3,3
ST-2946,3,3,3
ST-2947,3,3,3
ST-2948,2,1,4
ST-2949,1,3,1
ST-295,3,4,3
ST-2950,1,2,1
ST-2951,2,1,2
ST-2952,1,2,1
ST-2953,1,4,1
ST-2954,1,2,1
ST-2955,2,1,4
ST-2956,4,4,4
ST-2957,2,1,2
ST-2958,3,3,3
ST-2959,3,3,3
ST-296,3,4,4
ST-2960,3,3,3
ST-2961,3,3,3
ST-2962,2,1,2
ST-2964,3,3,3
ST-2965,3,3,3
ST-2966,2,1,2
ST-2967,1,2,2
ST-2969,1,2,1
ST-297,4,4,3
ST-2970,2,2,2
ST-2971,2,2,2
ST-2972,2,1,1
ST-2973,3,3,3
ST-2974,4,4,4
ST-2975,4,4,4
ST-2976,1,1,1
ST-2977,4,4,4
ST-2978,4,4,4
ST-2979,4,4,4
ST-298,4,4,3
ST-2980,1,4,1
ST-2981,4,4,4
ST-2982,2,1,2
ST-2983,1,1,3
ST-2984,2,1,2
ST-2985,2,1,2
ST-2986,2,1,4
ST-2987,2,1,2
ST-2988,2,1,2
ST-2989,2,4,1
ST-299,1,4,3
ST-2990,2,1,2
ST-2991,4,1,4
ST-2992,3,3,3
ST-2993,3,3,3
ST-2994,3,3,3
ST-2995,1,4,4
ST-2996,1,4,3
ST-2997,1,3,1
ST-2998,2,2,2
ST-2999,3,3,1
ST-3,4,1,2
ST-30,4,4,4
ST-300,3,4,3
ST-3000,2,1,4
ST-3002,4,4,4
ST-3003,4,4,4
ST-3004,2,1,2
ST-3005,4,1,4
ST-3006,1,2,1
ST-3007,1,2,1
ST-3008,4,4,4
ST-3009,4,1,2
ST-301,1,2,1
ST-3010,4,1,4
ST-3011,3,3,3
ST-3012,4,4,4
ST-3013,3,3,3
ST-3014,1,2,1
ST-3015,1,2,1
ST-3017,4,4,4
ST-3018,3,2,1
ST-3019,4,4,4
ST-302,3,4,3
ST-3020,1,4,1
ST-3021,4,4,4
ST-3022,2,2,2
ST-3023,1,2,1
ST-3024,2,2,1
ST-3025,4,4,1
ST-3026,1,2,2
ST-3027,1,2,1
ST-3028,2,2,2
ST-3029,1,3,1
ST-303,3,3,3
ST-3030,3,3,3
ST-3031,3,3,3
ST-3032,3,3,1
ST-3033,4,4,4
ST-3034,2,1,2
ST-3035,2,4,1
ST-3036,1,4,2
ST-3037,1,3,1
ST-3038,1,2,2
ST-3039,1,2,2
ST-304,3,3,3
ST-3040,3,3,3
ST-3041,1,4,3
ST-3042,4,4,4
ST-3043,4,4,4
ST-3044,4,4,4
ST-3045,2,2,1
ST-3046,1,2,1
ST-3047,3,3,3
ST-3048,3,3,1
ST-3049,2,1,2
ST-305,4,1,4
ST-3050,2,2,1
ST-3051,1,2,1
ST-3052,1,2,1
ST-3053,1,2,1
ST-3054,4,2,1
ST-3055,3,3,1
ST-3056,4,1,4
ST-3057,2,1,2
ST-3058,2,2,2
ST-3059,3,3,3
ST-306,3,4,3
ST-3060,3,4,2
ST-3061,3,4,3
ST-3062,4,4,4
ST-3063,1,2,1
ST-3064,4,4,4
ST-3065,2,4,4
ST-3066,4,1,2
ST-3067,1,3,1
ST-3068,3,3,3
ST-3069,4,4,4
ST-307,3,4,3
ST-3070,4,1,4
ST-3071,2,1,1
ST-3072,3,3,3
ST-3073,3,3,3
ST-3075,1,2,1
ST-3076,2,4,4
ST-3077,4,1,2
ST-3078,4,1,4
ST-3079,4,1,2
ST-308,3,3,3
ST-3080,4,4,4
ST-3081,4,4,4
ST-3082,4,4,1
ST-3083,4,4,4
ST-3084,3,3,3
ST-3085,1,1,2
ST-3086,2,1,4
ST-3087,2,1,2
ST-3088,1,3,3
ST-3089,3,3,3
ST-309,3,3,3
ST-3090,1,2,1
ST-3091,2,2,2
ST-3092,2,1,2
ST-3093,1,2,2
ST-3094,3,3,3
ST-3095,4,4,4
ST-3096,4,1,2
ST-3097,1,2,4
ST-3098,4,1,4
ST-3099,3,4,1
ST-31,4,4,4
ST-310,3,3,3
ST-3100,3,3,3
ST-3101,2,1,2
ST-3102,4,4,3
ST-3103,1,3,1
ST-3104,3,3,3
ST-3105,1,4,3
ST-3106,4,4,4
ST-3107,1,2,3
ST-3108,2,1,2
ST-3109,2,1,2
ST-311,3,3,3
ST-3110,1,2,1
ST-3111,4,1,2
ST-3112,4,1,2
ST-3113,4,4,4
ST-3114,4,4,4
ST-3115,2,1,2
ST-3116,1,2,1
ST-3117,1,4,3
ST-3118,3,3,3
ST-3119,2,2,2
ST-312,3,3,3
ST-3120,4,4,4
ST-3121,4,4,4
ST-3122,1,2,2
ST-3123,1,2,1
ST-3124,3,3,3
ST-3125,3,3,3
ST-3126,2,2,2
ST-3127,4,4,4
ST-3128,3,3,3
ST-3129,3,3,3
ST-313,3,3,3
ST-3130,4,4,4
ST-3131,4,1,4
ST-3132,4,1,4
ST-3133,4,1,2
ST-3134,1,1,1
ST-3135,4,4,4
ST-3136,3,3,3
ST-3137,3,3,3
ST-3138,4,4,4
ST-3139,4,4,4
ST-314,1,1,2
ST-3140,4,4,4
ST-3141,4,1,2
ST-3142,3,4,3
ST-3143,1,3,3
ST-3144,2,1,2
ST-3145,3,3,3
ST-3146,3,3,3
ST-3147,2,1,2
ST-3148,4,1,4
ST-3149,1,2,1
ST-315,3,3,3
ST-3150,4,1,4
ST-3151,4,1,4
ST-3152,2,1,2
ST-3153,4,1,2
ST-3154,2,1,4
ST-3155,1,2,1
ST-3156,1,3,1
ST-3157,2,1,2
ST-3158,1,2,2
ST-3159,1,4,1
ST-316,3,3,3
ST-3160,4,4,3
ST-3161,1,4,1
ST-3162,4,1,4
ST-3163,3,3,3
ST-3164,4,1,4
ST-3165,1,2,1
ST-3166,1,4,4
ST-3167,2,2,1
ST-3168,1,4,1
ST-3169,4,4,2
ST-317,3,3,3
ST-3170,3,4,3
ST-3171,3,4,3
ST-3172,2,2,2
ST-3173,1,2,2
ST-3174,2,2,1
ST-3175,1,2,1
ST-3176,1,2,2
ST-3177,1,2,2
ST-3178,2,1,2
ST-3179,2,1,2
ST-318,3,3,3
ST-3180,2,1,4
ST-3181,2,1,2
ST-3182,3,3,3
ST-3183,2,1,2
ST-3184,2,1,2
ST-3185,2,1,2
ST-3186,2,1,4
ST-3187,3,3,3
ST-3188,4,4,4
ST-3189,1,3,1
ST-319,3,3,3
ST-3192,2,1,2
ST-3193,2,1,2
ST-3194,3,3,3
ST-3195,3,3,3
ST-3196,1,3,1
ST-3197,2,2,2
ST-3198,1,2,1
ST-3199,4,4,4
ST-32,4,4,4
ST-320,3,3,3
ST-3200,3,4,3
ST-3201,2,2,2
ST-3202,1,2,1
ST-3203,1,2,2
ST-3204,3,4,3
ST-3205,4,4,4
ST-3206,1,2,1
ST-3207,2,1,2
ST-3208,4,1,2
ST-3209,4,1,2
ST-321,3,3,3
ST-3210,1,2,1
ST-3211,1,2,1
ST-3212,3,3,3
ST-3213,3,1,3
ST-3214,4,1,4
ST-3215,3,3,3
ST-3216,2,1,2
ST-3217,2,1,2
ST-3218,1,2,1
ST-3219,1,3,1
ST-322,4,4,4
ST-3220,2,1,4
ST-3221,2,1,2
ST-3222,1,3,1
ST-3223,1,3,1
ST-3224,3,3,3
ST-3225,3,3,3
ST-3226,3,3,3
ST-3227,3,3,3
ST-3228,3,2,1
ST-3229,1,2,1
ST-3230,2,1,2
ST-3231,1,2,1
ST-3232,4,1,2
ST-3233,4,4,1
ST-3234,4,2,2
ST-3235,3,4,3
ST-3236,1,3,1
ST-3237,3,3,1
ST-3238,3,4,3
ST-3239,4,4,3
ST-324,4,1,4
ST-3240,4,1,2
ST-3241,3,4,3
ST-3242,2,1,1
ST-3243,4,1,2
ST-3244,4,4,4
ST-3245,2,1,2
ST-3247,2,1,2
ST-3248,4,1,4
ST-3249,4,4,4
ST-325,4,4,4
ST-3250,3,3,3
ST-3251,3,3,3
ST-3252,3,3,3
ST-3253,2,4,1
ST-3254,4,1,2
ST-3255,1,2,1
ST-3256,1,2,1
ST-3257,2,1,2
ST-3258,3,2,1
ST-3259,3,3,3
ST-326,4,4,4
ST-3260,3,3,3
ST-3261,3,3,3
ST-3262,1,2,1
ST-3263,3,3,3
ST-3264,2,1,2
ST-3265,4,4,4
ST-3266,1,2,4
ST-3267,3,2,1
ST-3268,2,1,2
ST-3269,1,2,2
ST-327,4,4,4
ST-3270,2,1,2
ST-3271,3,4,1
ST-3272,4,4,4
ST-3273,2,2,1
ST-3274,1,2,1
ST-3275,1,2,1
ST-3276,3,3,3
ST-3277,4,4,1
ST-3278,1,2,1
ST-3279,4,4,4
ST-328,4,2,1
ST-3280,1,2,4
ST-3281,3,3,3
ST-3282,2,2,1
ST-3283,3,4,3
ST-3284,3,3,3
ST-3285,2,2,2
ST-3286,3,2,1
ST-3287,1,2,2
ST-3288,1,2,4
ST-3289,1,2,4
ST-329,4,4,4
ST-3290,2,4,1
ST-3291,1,2,1
ST-3292,1,2,2
ST-3293,2,1,2
ST-3294,2,1,2
ST-3295,4,1,4
ST-3296,2,1,2
ST-3297,1,2,1
ST-3298,2,1,2
ST-3299,2,2,1
ST-33,4,4,4
ST-330,4,1,4
ST-3300,4,1,4
ST-3301,1,2,4
ST-3302,2,1,2
ST-3303,3,3,3
ST-3304,3,3,3
ST-3305,1,2,1
ST-3306,3,3,1
ST-3307,2,1,2
ST-3308,1,2,1
ST-3309,4,4,4
ST-331,4,4,4
ST-3310,4,1,4
ST-3311,3,3,3
ST-3312,4,1,2
ST-3313,3,3,3
ST-3314,3,4,3
ST-3315,3,4,3
ST-3316,4,2,1
ST-3317,3,2,1
ST-3318,3,4,3
ST-3319,4,4,3
ST-332,4,4,4
ST-3320,3,2,1
ST-3321,1,2,1
ST-3322,3,3,3
ST-3323,3,4,3
ST-3324,3,3,3
ST-3325,4,4,4
ST-3326,4,4,4
ST-3327,3,3,3
ST-3328,4,2,1
ST-3329,2,1,2
ST-333,2,1,2
ST-3330,3,3,3
ST-3331,3,3,3
ST-3332,4,1,2
ST-3333,1,2,1
ST-3334,4,4,1
ST-3335,1,1,2
ST-3336,1,1,2
ST-3337,3,3,3
ST-3338,1,2,1
ST-3339,1,2,1
ST-334,4,4,4
ST-3340,4,4,4
ST-3341,3,3,3
ST-3342,1,2,1
ST-3343,4,1,4
ST-3344,1,2,1
ST-3345,1,2,1
ST-3346,1,2,1
ST-3347,4,4,4
ST-3348,2,1,2
ST-3349,4,4,4
ST-335,4,4,4
ST-3350,2,1,4
ST-3351,4,4,4
ST-3352,1,1,2
ST-3353,4,2,1
ST-3354,1,2,1
ST-3355,4,4,4
ST-3356,1,2,1
ST-3357,2,2,1
ST-3358,1,1,2
ST-3359,3,3,3
ST-336,1,2,1
ST-3360,2,1,2
ST-3361,2,1,2
ST-3362,1,2,1
ST-3363,3,2,1
ST-3364,2,1,2
ST-3365,3,3,3
ST-3366,2,1,2
ST-3367,4,4,4
ST-3368,2,2,2
ST-3369,4,4,4
ST-337,2,1,2
ST-3370,3,3,3
ST-3371,3,3,3
ST-3372,1,1,2
ST-3373,2,1,2
ST-3374,3,4,3
ST-3375,4,4,3
ST-3376,2,1,2
ST-3377,3,4,3
ST-3378,1,2,2
ST-3379,2,1,2
ST-338,1,2,1
ST-3380,4,4,4
ST-3381,1,2,1
ST-3382,1,2,1
ST-3383,3,4,3
ST-3384,2,1,4
ST-3385,2,1,2
ST-3386,4,4,2
ST-3388,4,4,4
ST-3389,4,1,4
ST-339,4,4,4
ST-3390,4,4,4
ST-3391,4,1,4
ST-3392,1,4,3
ST-3393,4,4,4
ST-3394,4,1,4
ST-3396,1,2,1
ST-3397,4,3,4
ST-3398,3,3,3
ST-3399,2,1,2
ST-34,2,2,2
ST-340,4,4,4
ST-3400,1,2,1
ST-3401,4,1,4
ST-3402,4,1,4
ST-3403,4,1,4
ST-3404,1,2,1
ST-3405,1,4,2
ST-3406,1,2,2
ST-3407,1,2,1
ST-3408,1,1,2
ST-3409,2,2,1
ST-341,4,4,4
ST-3410,1,2,2
ST-3411,2,1,2
ST-3412,2,2,2
ST-3413,1,2,2
ST-3414,1,1,2
ST-3415,1,2,1
ST-3416,1,2,1
ST-3417,1,2,1
ST-3418,1,1,1
ST-3419,1,2,1
ST-342,4,4,4
ST-3420,2,1,2
ST-3421,3,3,1
ST-3422,1,2,1
ST-3423,1,2,1
ST-3424,1,2,1
ST-343,4,4,4
ST-344,4,4,4
ST-345,4,4,4
ST-346,4,4,4
ST-347,4,4,4
ST-348,4,4,4
ST-349,4,4,4
ST-35,4,4,4
ST-350,4,4,4
ST-351,4,4,4
ST-352,4,4,4
ST-354,1,2,1
ST-357,4,4,4
ST-358,1,2,1
ST-359,3,2,1
ST-36,4,4,4
ST-360,4,2,1
ST-361,4,4,4
ST-362,4,4,4
ST-363,2,1,2
ST-364,4,4,4
ST-365,4,4,2
ST-366,4,4,4
ST-368,1,3,3
ST-369,1,2,1
ST-37,4,4,4
ST-370,4,2,4
ST-371,4,4,4
ST-372,4,2,1
ST-373,2,1,2
ST-374,1,4,4
ST-375,4,4,4
ST-376,4,2,1
ST-377,4,4,4
ST-378,4,4,4
ST-379,4,4,1
ST-38,2,1,1
ST-380,3,3,3
ST-381,4,4,4
ST-382,4,4,3
ST-383,2,1,2
ST-384,4,4,4
ST-385,4,4,4
ST-386,4,4,1
ST-387,4,4,4
ST-388,4,4,4
ST-389,3,2,1
ST-39,4,4,4
ST-390,3,2,1
ST-391,1,2,1
ST-392,3,2,1
ST-393,1,1,2
ST-394,4,4,4
ST-395,4,2,1
ST-396,4,2,1
ST-397,3,2,1
ST-398,3,2,1
ST-4,4,4,4
ST-40,4,4,4
ST-400,1,2,1
ST-401,1,2,1
ST-402,1,2,1
ST-403,1,2,1
ST-404,1,2,1
ST-405,3,2,1
ST-406,3,2,1
ST-407,1,2,1
ST-408,1,2,1
ST-409,3,2,1
ST-41,4,4,4
ST-410,4,4,1
ST-413,3,3,3
ST-414,3,4,3
ST-416,3,3,3
ST-417,3,3,3
ST-418,3,3,3
ST-419,3,3,3
ST-42,4,4,4
ST-420,3,3,3
ST-421,3,3,3
ST-422,3,3,3
ST-424,3,4,3
ST-425,4,4,3
ST-426,3,4,3
ST-428,3,3,3
ST-43,4,4,4
ST-431,3,3,3
ST-432,3,3,3
ST-435,4,4,4
ST-436,4,4,4
ST-437,1,2,1
ST-438,4,4,4
ST-439,1,2,1
ST-440,4,4,4
ST-441,2,4,4
ST-442,4,4,4
ST-443,4,4,4
ST-444,1,2,1
ST-445,4,4,4
ST-446,4,4,4
ST-447,4,2,1
ST-448,4,4,4
ST-449,2,1,4
ST-45,3,4,3
ST-450,2,2,2
ST-451,2,2,2
ST-452,2,2,2
ST-453,2,2,2
ST-454,4,4,4
ST-455,4,4,4
ST-456,4,4,4
ST-457,4,4,4
ST-459,4,4,4
ST-46,4,4,3
ST-460,4,4,4
ST-461,4,4,4
ST-462,4,4,4
ST-463,4,4,4
ST-464,4,4,4
ST-465,4,4,4
ST-467,2,4,4
ST-469,2,2,2
ST-47,3,4,3
ST-470,2,4,2
ST-471,2,4,2
ST-472,2,2,2
ST-473,2,4,4
ST-474,2,1,2
ST-475,2,4,2
ST-476,2,2,2
ST-478,4,4,4
ST-479,4,4,4
ST-48,3,3,1
ST-480,4,4,4
ST-481,4,4,2
ST-482,4,4,4
ST-483,4,4,4
ST-484,1,2,1
ST-485,2,1,2
ST-486,2,1,2
ST-487,4,1,2
ST-488,2,1,2
ST-490,2,1,2
ST-491,2,1,2
ST-492,2,1,2
ST-493,4,1,2
ST-494,4,1,4
ST-495,4,1,4
ST-496,4,1,4
ST-497,4,1,4
ST-498,2,4,4
ST-499,2,1,2
ST-5,4,4,4
ST-50,3,4,3
ST-500,2,1,2
ST-501,4,4,4
ST-502,4,1,4
ST-503,4,1,4
ST-504,2,1,2
ST-505,4,1,4
ST-506,4,4,4
ST-507,3,3,3
ST-508,3,3,3
ST-509,3,3,3
ST-51,3,4,3
ST-510,3,3,3
ST-511,3,3,3
ST-512,3,3,3
ST-513,3,3,3
ST-514,3,3,3
ST-515,4,4,4
ST-516,3,3,3
ST-517,3,3,3
ST-518,3,3,3
ST-519,3,3,3
ST-52,3,4,3
ST-520,4,4,4
ST-522,3,3,3
ST-523,3,3,3
ST-524,3,3,3
ST-525,3,3,3
ST-526,3,3,3
ST-527,4,1,2
ST-528,3,3,3
ST-53,3,4,3
ST-530,3,3,3
ST-531,3,3,3
ST-532,3,3,3
ST-533,3,3,3
ST-534,3,3,3
ST-535,3,3,3
ST-536,3,3,3
ST-537,4,1,2
ST-538,3,3,3
ST-539,4,1,4
ST-540,4,1,4
ST-541,4,1,4
ST-542,4,1,4
ST-543,2,1,2
ST-544,4,1,2
ST-545,2,2,2
ST-546,4,1,4
ST-547,4,1,4
ST-548,4,1,4
ST-549,2,1,2
ST-55,3,4,3
ST-550,4,1,4
ST-551,4,1,4
ST-553,4,1,4
ST-555,4,4,4
ST-558,1,2,1
ST-559,1,2,1
ST-56,4,4,3
ST-560,1,2,1
ST-561,1,4,1
ST-562,4,2,1
ST-563,4,2,1
ST-564,1,2,1
ST-565,1,2,1
ST-566,1,2,1
ST-567,4,1,4
ST-568,1,4,1
ST-569,2,1,2
ST-57,3,3,3
ST-570,2,1,1
ST-571,1,2,1
ST-572,2,2,2
ST-573,1,4,1
ST-574,1,2,2
ST-575,4,1,4
ST-577,4,4,4
ST-578,1,2,2
ST-579,1,2,2
ST-58,1,3,1
ST-580,1,2,2
ST-583,2,4,2
ST-584,2,4,2
ST-585,2,4,1
ST-586,2,4,1
ST-587,2,2,2
ST-588,2,2,1
ST-589,4,2,1
ST-59,3,4,3
ST-590,4,4,1
ST-592,4,1,4
ST-593,2,2,1
ST-594,1,4,1
ST-595,4,4,1
ST-596,2,4,1
ST-597,2,1,4
ST-598,1,2,1
ST-599,1,4,1
ST-6,4,4,4
ST-60,3,4,3
ST-600,2,2,2
ST-601,4,1,4
ST-602,1,2,1
ST-603,2,2,2
ST-604,1,2,1
ST-605,1,2,1
ST-606,1,2,1
ST-607,1,2,1
ST-608,1,2,1
ST-609,1,1,1
ST-61,3,3,3
ST-610,1,2,1
ST-611,1,2,1
ST-612,2,2,1
ST-613,2,2,2
ST-614,2,2,2
ST-615,2,2,2
ST-616,2,2,2
ST-618,3,2,3
ST-619,3,3,1
ST-62,3,4,3
ST-620,3,3,3
ST-621,3,3,1
ST-622,3,3,1
ST-623,3,3,1
ST-624,1,3,1
ST-625,1,3,1
ST-626,2,1,2
ST-628,1,3,1
ST-629,1,3,1
ST-63,3,4,3
ST-630,2,1,1
ST-631,1,3,1
ST-632,3,3,1
ST-633,1,3,1
ST-634,3,3,1
ST-635,1,3,3
ST-636,1,3,1
ST-637,1,3,1
ST-638,1,3,1
ST-639,1,3,1
ST-64,4,4,3
ST-640,3,3,3
ST-641,3,3,1
ST-642,1,3,1
ST-643,2,1,2
ST-644,2,1,2
ST-645,2,1,2
ST-646,2,1,2
ST-647,2,4,2
ST-648,2,2,2
ST-65,4,4,3
ST-650,2,1,2
ST-651,2,1,2
ST-652,2,1,2
ST-654,2,1,2
ST-655,1,2,1
ST-657,1,2,2
ST-658,2,2,2
ST-66,3,4,3
ST-660,3,3,1
ST-661,1,3,1
ST-662,3,3,3
ST-663,3,3,3
ST-664,3,3,3
ST-665,3,3,1
ST-666,3,3,3
ST-667,1,3,3
ST-668,1,3,3
ST-669,3,3,3
ST-67,4,4,3
ST-670,4,4,4
ST-671,3,3,3
ST-673,3,3,3
ST-674,1,3,3
ST-675,3,3,3
ST-676,3,3,1
ST-677,3,3,1
ST-678,3,3,1
ST-679,1,3,1
ST-68,3,4,3
ST-683,4,4,4
ST-685,3,2,2
ST-686,1,4,3
ST-687,4,4,4
ST-688,1,4,3
ST-69,3,4,3
ST-690,4,4,4
ST-691,4,4,4
ST-692,4,4,4
ST-693,4,4,4
ST-694,2,1,4
ST-695,4,4,4
ST-696,2,1,4
ST-697,4,4,4
ST-699,4,4,4
ST-7,4,4,4
ST-70,4,4,3
ST-700,4,4,4
ST-701,4,4,4
ST-702,1,3,3
ST-703,1,4,3
ST-704,1,3,3
ST-705,1,3,3
ST-707,1,4,3
ST-708,3,3,3
ST-709,1,3,3
ST-71,3,4,3
ST-712,2,1,4
ST-713,4,4,4
ST-714,1,4,4
ST-715,1,3,4
ST-717,1,4,4
ST-719,1,4,4
ST-72,3,4,3
ST-720,1,4,4
ST-721,1,4,4
ST-722,2,4,4
ST-723,1,4,3
ST-724,1,4,3
ST-725,1,3,3
ST-726,4,4,3
ST-727,1,3,3
ST-728,4,4,4
ST-729,2,1,4
ST-73,4,4,3
ST-731,2,1,4
ST-732,2,1,4
ST-733,1,4,3
ST-735,1,2,1
ST-736,1,2,1
ST-737,2,1,2
ST-738,2,1,2
ST-739,3,4,4
ST-74,1,2,1
ST-740,4,1,2
ST-741,2,1,2
ST-742,2,1,2
ST-743,2,1,2
ST-744,2,1,2
ST-745,4,1,2
ST-746,2,1,2
ST-747,4,1,4
ST-748,4,1,4
ST-749,4,1,4
ST-750,4,1,4
ST-751,4,4,4
ST-752,2,1,4
ST-753,2,1,4
ST-754,2,1,4
ST-755,2,1,4
ST-756,2,1,4
ST-757,2,1,4
ST-758,2,1,4
ST-759,2,1,4
ST-76,4,4,4
ST-760,2,1,4
ST-761,2,1,2
ST-762,2,1,2
ST-763,2,1,4
ST-764,2,1,2
ST-765,2,1,2
ST-766,2,1,2
ST-767,2,1,2
ST-768,2,1,2
ST-769,2,1,2
ST-77,4,4,4
ST-770,2,1,2
ST-771,2,1,2
ST-772,2,1,2
ST-773,2,1,2
ST-774,2,1,1
ST-775,2,1,2
ST-776,4,4,4
ST-777,4,1,4
ST-778,2,1,2
ST-779,2,1,2
ST-78,4,4,4
ST-780,4,1,4
ST-781,2,1,2
ST-782,2,1,2
ST-783,4,1,2
ST-784,4,1,4
ST-786,4,1,2
ST-787,4,1,2
ST-788,4,1,2
ST-789,4,1,2
ST-790,4,1,2
ST-791,4,1,2
ST-792,4,1,4
ST-793,4,1,2
ST-794,4,1,2
ST-795,4,1,2
ST-796,4,1,2
ST-797,4,1,2
ST-798,4,1,4
ST-799,4,1,2
ST-8,4,4,4
ST-80,4,4,4
ST-800,4,1,4
ST-801,4,1,2
ST-802,4,1,2
ST-803,2,1,2
ST-804,2,1,2
ST-805,2,1,4
ST-806,3,3,3
ST-807,2,1,2
ST-808,2,1,2
ST-809,2,1,2
ST-81,4,4,4
ST-810,2,1,2
ST-811,2,1,2
ST-812,2,1,2
ST-813,2,1,2
ST-814,2,1,2
ST-815,4,1,2
ST-816,2,1,2
ST-817,2,1,2
ST-818,2,1,2
ST-819,4,1,2
ST-82,4,4,4
ST-820,2,1,2
ST-821,2,1,2
ST-822,2,1,2
ST-823,2,1,2
ST-824,3,3,3
ST-825,1,2,1
ST-826,1,2,1
ST-827,1,2,1
ST-828,3,3,3
ST-829,3,3,3
ST-83,4,4,4
ST-830,4,1,4
ST-831,3,3,3
ST-833,1,1,2
ST-834,3,3,3
ST-835,4,4,3
ST-838,4,1,2
ST-839,4,1,2
ST-84,4,4,4
ST-840,4,1,4
ST-842,1,2,1
ST-847,1,4,1
ST-849,4,4,1
ST-85,4,4,4
ST-850,1,4,1
ST-852,4,4,1
ST-853,2,2,1
ST-854,1,4,1
ST-855,1,4,1
ST-856,1,2,1
ST-857,1,4,1
ST-859,2,1,2
ST-86,4,4,4
ST-860,2,1,2
ST-861,2,2,1
ST-862,2,1,2
ST-863,2,1,2
ST-864,4,1,4
ST-866,1,2,1
ST-867,1,2,1
ST-868,1,2,1
ST-869,1,2,1
ST-87,4,4,4
ST-870,1,3,1
ST-871,1,3,1
ST-872,3,3,1
ST-873,3,3,3
ST-874,1,3,1
ST-875,1,3,1
ST-876,1,3,1
ST-877,4,4,4
ST-879,2,1,2
ST-88,4,4,4
ST-880,2,1,2
ST-881,2,1,2
ST-882,1,4,4
ST-883,1,3,3
ST-884,1,4,4
ST-885,2,1,2
ST-886,1,4,3
ST-887,1,4,4
ST-889,2,1,2
ST-89,4,4,4
ST-890,2,1,2
ST-891,4,1,4
ST-892,4,1,4
ST-894,4,1,4
ST-895,2,1,2
ST-896,4,1,2
ST-897,2,1,2
ST-899,2,1,1
ST-9,4,4,4
ST-90,4,4,4
ST-900,2,1,2
ST-901,2,1,1
ST-902,2,2,1
ST-903,2,1,2
ST-904,2,1,2
ST-905,2,1,2
ST-906,2,1,2
ST-907,2,1,2
ST-908,4,1,4
ST-909,2,1,2
ST-91,4,4,4
ST-910,1,2,1
ST-912,4,2,1
ST-913,1,2,2
ST-914,1,2,1
ST-915,2,2,2
ST-916,2,2,2
ST-918,3,3,3
ST-919,3,3,3
ST-92,4,4,4
ST-920,3,3,3
ST-923,2,1,4
ST-924,2,1,4
ST-925,2,1,2
ST-926,2,1,2
ST-927,2,1,2
ST-928,2,1,4
ST-929,2,1,2
ST-93,4,4,4
ST-930,2,1,2
ST-931,1,2,1
ST-932,4,4,4
ST-933,4,1,4
ST-934,4,4,3
ST-935,2,1,4
ST-936,1,3,3
ST-937,2,1,2
ST-938,4,4,4
ST-939,4,2,2
ST-94,4,4,4
ST-941,4,2,2
ST-942,4,4,1
ST-943,1,2,1
ST-944,1,2,1
ST-946,1,2,1
ST-947,1,2,1
ST-948,2,2,2
ST-949,2,1,4
ST-95,4,4,4
ST-950,1,3,3
ST-951,1,4,3
ST-952,1,3,3
ST-953,4,1,4
ST-954,4,1,2
ST-955,2,4,4
ST-956,2,1,2
ST-957,2,1,2
ST-958,2,1,2
ST-959,2,1,2
ST-96,4,4,4
ST-960,2,1,2
ST-961,4,1,2
ST-962,4,1,2
ST-963,4,1,2
ST-964,2,2,2
ST-965,1,4,4
ST-966,4,1,2
ST-967,4,4,4
ST-968,4,4,4
ST-97,4,4,3
ST-970,2,1,1
ST-971,1,2,1
ST-972,4,4,4
ST-973,4,4,4
ST-974,4,4,4
ST-975,3,3,3
ST-976,1,4,3
ST-977,1,2,1
ST-978,1,2,1
ST-979,1,2,1
ST-98,4,4,4
ST-980,4,4,4
ST-981,2,1,2
ST-983,4,4,4
ST-984,4,4,4
ST-985,4,4,1
ST-986,4,4,4
ST-987,4,4,4
ST-988,4,4,4
ST-99,4,4,4
ST-990,4,4,4
ST-991,4,4,4
ST-992,3,4,1
ST-993,3,3,3
ST-994,3,3,3
ST-995,3,3,1
ST-996,3,3,3
ST-997,3,3,3
